id,question,gold,answer,judge,human
nvda-foundry,Which third-party foundries does NVIDIA rely on to manufacture its chips?,TSMC (Taiwan Semiconductor) and Samsung.,"We need to answer: Which third-party foundries does NVIDIA rely on to manufacture its chips? Use only provided pages. Look for mentions of foundries, manufacturing, suppliers, Taiwan, South Korea, etc. The pages include discussion about supply chain, overseas partners, Taiwan and South Korea. Let's search.

From page [p:0001045810-25-000209#37] (NVDA 10-Q): ""Finally, our business depends on our ability to receive consistent and reliable supply from our overseas partners, especially in Taiwan and South Korea."" That indicates reliance on overseas partners in Taiwan and South Korea. It doesn't name specific foundries.

Also [p:0001045810-26-000021#16] (10-K) includes: ""We continue to increase our supply and capacity purchases with existing and new suppliers to support our demand projections..."" Not specific.

Page [p:0001045810-26-000052#33] (10-Q) includes similar: ""We continue to increase our supply and capacity purchases with existing and new suppliers...""

Page [p:0001045810-26-000021#7] (10-K) mentions: ""Our ability to increase manufacturing capabilities will depend on the domestic manufacturing ecosystem's capacity to ramp production supply to the required volume timely."" Not naming.

Thus the only mention is ""overseas partners, especially in Taiwan and South Korea."" Could answer that NVIDIA relies on third-party foundries in Taiwan and South Korea. However the question: ""Which third-party foundries does NVIDIA rely on to manufacture its chips?"" The answer should name them if possible. The provided text does not name specific foundries (like TSMC, Samsung). It only mentions overseas partners in Taiwan and South Korea. So we can say: NVIDIA relies on overseas partners in Taiwan and South Korea for manufacturing. That is the only info.

Thus answer: NVIDIA relies on third-party foundries located in Taiwan and South Korea. Cite the page: [p:0001045810-25-000209#37].

We need to be concise, one to",,
qcom-segments,What are Qualcomm's main business segments?,"QCT (Qualcomm CDMA Technologies, semiconductors), QTL (Qualcomm Technology Licensing), and QSI (strategic investments).","Qualcomm’s main business segments are QCT (integrated circuit products and system software), QTL (technology licensing), and QSI (strategic investments). [p:0000804328-25-000085#8]",0,
mu-quarterly-revenue-trend,Did Micron's quarterly revenue increase or decrease across its last three 10-Q filings?,It increased each quarter.,"Micron’s quarterly revenue rose from $13,643 million in the Q1 10‑Q (Nov 27, 2025) [p:00",0,
